{
  "name": "123g",
  "version": 2,
  "w1": [
    [
      0.04814577056525047,
      -0.12774280086344836,
      -0.112719735750454,
      -0.10466690375261314,
      0.050805869131112076,
      0.09019395426930767,
      -0.06832415473683322,
      -0.15987945220121724
    ],
    [
      -0.11269688282990588,
      0.06395439202000405,
      0.07180080502021195,
      0.040770655052854064,
      0.16449766184983178,
      -0.07266406272096985,
      -0.14917004487361088,
      0.06126360176190145
    ],
    [
      0.3062568861174081,
      -0.0013134506907643917,
      -0.0035761666417254336,
      0.006748673276374719,
      0.05917764949778262,
      0.026775099060286457,
      -0.03446822011886791,
      0.13728352091268026
    ],
    [
      -0.009221413800871424,
      -0.03321477925645233,
      0.10257641023649662,
      -0.08149107420258743,
      0.021391452464285948,
      -0.14471227901446507,
      0.18218161122644494,
      -0.07712957677867516
    ],
    [
      -0.3265874960753388,
      -0.013025449751218268,
      -0.04278984172639044,
      -0.04487811386031902,
      -0.07217405052416177,
      -0.02887418183358459,
      -0.01976897111997526,
      -0.09882740855310052
    ],
    [
      -0.24393658428754209,
      -0.26420404068370185,
      0.014785736496721108,
      0.05255933191175974,
      0.09483142539296047,
      -0.06776764272538788,
      -0.03525085316530305,
      0.09958239968127928
    ],
    [
      0.2594821043250117,
      -0.3575688096751061,
      0.05686005498664484,
      -0.21647524358763673,
      -0.1608731719870096,
      0.14136478137302708,
      0.07477131736701534,
      0.1378897263284366
    ],
    [
      -0.1626344406417771,
      0.14083733835852472,
      -0.03974257318191076,
      0.14167640364678993,
      0.1237010857519218,
      -0.06543051915093674,
      -0.18990372947773093,
      0.020657016650306323
    ],
    [
      0.08956088527175993,
      -0.12057009583555157,
      -0.21571227278930705,
      -0.4043093015618691,
      -0.042844791429959825,
      0.21283268053596563,
      0.08047267215739437,
      0.9019494773688703
    ],
    [
      -0.018738829038588183,
      -0.07110812939688325,
      0.08981896605615379,
      0.18981658513794336,
      0.10477562095768582,
      -0.0024415417282262143,
      0.0630815842125056,
      -0.06888242827223795
    ],
    [
      0.04567690222652033,
      -0.03745166371329645,
      -0.15060305538323643,
      -0.23233038092011613,
      -0.18983601516392756,
      -0.04368906404806497,
      -0.07985946858857314,
      0.3535823643255343
    ],
    [
      -0.06718234346573522,
      0.01173222574218269,
      -0.03218267941636304,
      0.03979197532200402,
      0.15911238242322812,
      -0.06710416589610174,
      -0.027800207278189347,
      0.20109043343063415
    ],
    [
      -0.008851971360065124,
      0.18735127273294516,
      -0.00995510094604879,
      -0.2962551722762651,
      0.0030547942635696487,
      0.1635661781251723,
      0.2468214104773306,
      -0.19304227332218063
    ],
    [
      -0.338805910671556,
      0.12588755735926468,
      0.017659195327584268,
      0.05539573786112909,
      0.019178160114668642,
      0.08059060109014646,
      -0.013754757513264392,
      -0.130140798887817
    ],
    [
      0.13505157844356772,
      0.12302274258613212,
      -0.07700088954410811,
      0.16791052409216153,
      0.16342024955350865,
      -0.031121402129561777,
      0.08410172515076733,
      -0.11920484056223965
    ],
    [
      0.08867941957757848,
      0.0357870945033738,
      -0.03548414693071171,
      0.0779344525692373,
      0.13053610538816604,
      0.05935023216715374,
      0.04183118137848895,
      -0.13875257595453658
    ],
    [
      0.4021931578918732,
      -0.16398476647637278,
      -0.04660029422959497,
      -0.012098657748414343,
      -0.016200744897965472,
      -0.11879481782959508,
      0.10687287071557057,
      0.09969500844417926
    ],
    [
      0.18121629329941533,
      -0.19149596403967625,
      0.05100964120870486,
      -0.018827261565073722,
      0.017716531372551046,
      -0.08319268755444231,
      0.036829311533813046,
      -0.09166340542003096
    ],
    [
      -0.1816076018466771,
      0.3577646669776673,
      -0.05808729448273606,
      0.19821407965085266,
      0.06567243010864356,
      -0.05187228078840667,
      0.06890169289464625,
      -0.2069213278339013
    ],
    [
      -0.24616227450031725,
      -0.2712445709699177,
      0.005824468317817506,
      -0.08783134933997058,
      -0.14856648361783928,
      0.12902763834762396,
      0.004002799776136049,
      0.2550391086942617
    ],
    [
      -0.04050785055533594,
      0.14703653618227822,
      0.09826160182774843,
      -0.2196045715009449,
      -0.009527287667321825,
      0.20630501463647893,
      0.030754503195692416,
      0.9528011884346905
    ],
    [
      -0.040564663355420714,
      0.3669540856316971,
      -0.046341382208333885,
      -0.25203192667859475,
      0.11950326559483639,
      0.034538630835369524,
      -0.08317935935264825,
      0.9082510091240593
    ],
    [
      0.006513785434535742,
      -0.07388018723111144,
      0.033651558280746716,
      0.20102779249668923,
      0.008761824051426127,
      -0.15683740600535168,
      0.1562389135706211,
      0.029928533425404066
    ],
    [
      0.0949704593929353,
      -0.1751352032717924,
      0.003256884000667478,
      -0.38680334928320703,
      0.22088083391202537,
      0.3115859118984147,
      0.08829434064500279,
      1.4122483678434246
    ],
    [
      0.013831109187576726,
      -0.3184507996226228,
      0.11280173781591574,
      0.0783032968375321,
      -0.05773913651430015,
      -0.15362492235707456,
      -0.09685616640788408,
      -0.3862124514101257
    ],
    [
      0.0440090293201627,
      -0.019049811764267743,
      -0.23540162873001783,
      -0.13954770181437773,
      -0.15831038566772385,
      0.15770107751099424,
      -0.2114885588029473,
      0.6633815634832388
    ],
    [
      0.12133840068987596,
      -0.021277047218880116,
      -0.12932084829265572,
      0.07823514195393086,
      0.04474027743848291,
      0.020098452056795977,
      0.03343298854924262,
      -0.07035589486890115
    ],
    [
      -0.025869620080380157,
      -0.5408745279413336,
      2.1910376904760303E-4,
      -0.54868951435672,
      0.2055809587159424,
      0.41330242419829566,
      0.11236576582988138,
      1.3032562716781384
    ],
    [
      -0.040684333886151405,
      0.3363387601597909,
      0.06998742717519683,
      -0.04418228740322446,
      0.12115776874060812,
      -0.21858568904562134,
      -0.02897995461790772,
      0.006676944380216847
    ],
    [
      0.20171896392241992,
      0.03159002750948833,
      0.11979145647518467,
      0.004947797076812966,
      0.03801268974104876,
      0.04466562325147016,
      0.03761949060521172,
      0.01604305279803651
    ],
    [
      0.06409214473576734,
      -0.11363037070456365,
      -0.16016207604950672,
      -0.2574485389328017,
      0.16010052241615175,
      0.3600859561568037,
      -0.05092494200960609,
      0.603797737065356
    ],
    [
      0.060089190503333195,
      -0.6818651893597267,
      -0.030425515835796405,
      -0.061318205325771556,
      -0.1441878491389993,
      0.13000900693733897,
      0.026891018293050715,
      0.1911938087773434
    ],
    [
      -0.006602772278275576,
      0.361439619210462,
      0.010638067168043544,
      -0.03997259352306613,
      0.014237472409211594,
      0.11767672615984208,
      -0.05248867138145425,
      0.08643433459930774
    ],
    [
      -0.0185129091607416,
      0.21770716027964834,
      -0.029583482116766903,
      0.05657556361769705,
      -0.022224945511511662,
      -0.07715150210657301,
      0.0679976803372717,
      -0.08813532655634243
    ],
    [
      0.003707218971866028,
      0.2959939459174153,
