{
  "name": "test1",
  "version": 2,
  "w1": [
    [
      0.15457614904233985,
      0.32852890570549725,
      -0.07992831179915842,
      -0.2123914584614838,
      -0.010772233756363695,
      0.08773595335227298,
      -0.07094220118879854,
      -0.27624993512773377
    ],
    [
      -0.22253802874599374,
      -0.17938651903727604,
      0.04624904104012642,
      0.028639359306635727,
      0.06616881206638614,
      -0.018329374089620938,
      -0.06406930851878007,
      -0.008283714846260158
    ],
    [
      0.1850712559406971,
      0.30556923366670935,
      -0.15130799373363982,
      0.03861448079415759,
      0.05326895565006918,
      0.12200862804750397,
      0.06282971659206213,
      0.2190063126523857
    ],
    [
      -0.014632947864145419,
      0.01346362920650088,
      0.09306745783241406,
      -0.039045119964371044,
      -0.001383888160803394,
      -0.17707183855479366,
      0.1615669415540273,
      -0.09424686722938118
    ],
    [
      -0.3811402283590807,
      0.032018961360632,
      -0.08342685147404946,
      0.026944904409008773,
      0.055556525690541356,
      -0.02380860887784784,
      -0.03997444183861588,
      0.04227916155321738
    ],
    [
      -0.2977994272519115,
      -0.26254781876177546,
      0.058688650325258,
      0.04020099755707687,
      0.01933623897696835,
      -0.03163338572706722,
      -0.011953045205058322,
      -0.009955148987243234
    ],
    [
      0.41145784747584035,
      -0.44309994573537426,
      0.0010845189695632472,
      -0.1405336864166885,
      -0.038826552040383926,
      0.03631306723197742,
      0.01647648658309236,
      0.1408480266191595
    ],
    [
      -0.31297146084281147,
      0.10041973468354488,
      0.013224872856581962,
      0.032036742084300386,
      0.127151178974236,
      -0.07438493654855578,
      -0.21359362008027807,
      -0.12792298059300725
    ],
    [
      0.2542592775560007,
      -0.08763176050611599,
      -0.01593181363690807,
      -0.026804152862368077,
      -0.10211198085724468,
      0.04520075668097555,
      0.14481371311078492,
      0.1254705959070007
    ],
    [
      -0.0028654518788170614,
      0.14278838098533497,
      0.018645467089324415,
      0.5608466538800888,
      0.06589067930780314,
      0.08553293512259591,
      0.07358398073038011,
      0.12640473497521532
    ],
    [
      -0.02192620623160813,
      0.054715283769696726,
      -0.02835069769527231,
      -0.13332309345915325,
      -0.14686203556149938,
      -0.043815340613088734,
      -0.006033140991692563,
      0.15230789537689476
    ],
    [
      -0.012424175458265652,
      0.10495700364603504,
      -0.045803520507060956,
      0.212152577649799,
      0.17197933115768563,
      0.04773089186476398,
      -0.003126579791350927,
      0.2145240755092508
    ],
    [
      -0.08357333398079757,
      0.4287895208329658,
      0.06235170009202285,
      -0.15504109267127672,
      0.04152666528689415,
      0.14031202241529822,
      0.1418990638408343,
      0.03971232700980961
    ],
    [
      -0.2812199218767045,
      0.274183863112605,
      0.012743143808530574,
      0.08157210722755977,
      0.054698328208190206,
      0.019561379991503338,
      -0.06011312497408332,
      -0.1957043409560851
    ],
    [
      -0.003487659772438151,
      -0.0013710290227079498,
      -0.04171643602555696,
      0.1650666459916819,
      0.10617286281638559,
      -0.0956938559446141,
      0.08671303570419171,
      -0.0842903012351527
    ],
    [
      -0.08868250137508679,
      0.05077377025453765,
      -0.014591868266518005,
      0.022300833566824527,
      0.06421580620569668,
      0.06489508408739836,
      0.030917020271186455,
      -0.022914005828298178
    ],
    [
      0.1794784479346378,
      -0.006452067391089472,
      0.09800262968822945,
      0.03113873826673537,
      0.06626082086356179,
      -0.04986817776009963,
      -0.050247336605925744,
      -0.11093873632869537
    ],
    [
      0.2479087543889129,
      -0.16157550219200403,
      -0.03763196727832972,
      0.1180309144723637,
      0.014593538397720892,
      -0.09840819060241165,
      -0.0343491148142955,
      -0.04227684723981728
    ],
    [
      -0.3813396593380321,
      0.43547821175844326,
      -0.005907474779728013,
      0.1310902088254108,
      0.020569590905107363,
      -0.04676152560113447,
      0.0335815076439383,
      -0.12197712518211853
    ],
    [
      -0.39780816071242947,
      0.02214265840609921,
      -0.16955268669211387,
      -0.12020945191290883,
      -0.20301456688810204,
      0.08746305043316105,
      0.0735788884997823,
      0.4933903871431261
    ],
    [
      -0.054669734215216606,
      0.34022400399101405,
      0.029129612898332435,
      -0.023495713917313886,
      -0.08032384749324775,
      0.09343398846641819,
      0.10324838891773369,
      0.6763333915756646
    ],
    [
      0.020837023884217282,
      0.5301298049370787,
      -0.04026343091897193,
      0.09464591903939523,
      -0.060166165361667204,
      -0.13704432849137618,
      -0.15533236071980117,
      0.08627949108903965
    ],
    [
      -0.0589048043467856,
      -0.4329308326596758,
      0.004156299868233549,
      0.22450171009354533,
      0.02037327918313302,
      -0.09351606168120753,
      0.10813490697860101,
      0.03986450803637868
    ],
    [
      -0.07288934308297755,
      -0.28485956129923606,
      0.26557747868542775,
      -0.3090881877442102,
      0.3018316414135512,
      -0.41671143109214104,
      0.5381325712029505,
      1.2601236112191612
    ],
    [
      -0.21401866879701076,
      -0.348408120127327,
      0.17672849448579483,
      -0.03925873859594001,
      -0.05647249851318529,
      -0.14119415223483528,
      -0.04741735074135505,
      -0.24608922374812248
    ],
    [
      0.1287346575664887,
      -0.19183529289034862,
      -0.02957594499615815,
      0.01688703657214592,
      -0.014411892415075003,
      0.009235768018041272,
      -0.125810172897898,
      0.24633026236586816
    ],
    [
      -0.009478107474695595,
      0.06802659114673859,
      -0.08354814760624783,
      0.1063627714122142,
      0.07959940875806679,
      -0.003551071116039111,
      0.032273965430697,
      -0.050349871773604324
    ],
    [
      -0.02290782261467503,
      -0.5897198251711301,
      0.04112754745134196,
      -0.13446027869143756,
      0.03458217743756032,
      0.13469334715013617,
      0.14723853914690482,
      -0.0646222187992354
    ],
    [
      0.001730243298230176,
      0.24885373101746455,
      0.050151954252488216,
      -0.06562410550318344,
      0.05924073475755516,
      -0.19554132960428042,
      0.02005156725128105,
      0.037530747846768756
    ],
    [
      0.359796138510741,
      -0.031569377619811365,
      0.07437461375103899,
      -0.024088683790111462,
      -0.05624551552652793,
      0.011704558638178089,
      0.057614675071718274,
      -0.03881198457404686
    ],
    [
      -0.06767072503991461,
      -0.30382430517690023,
      -0.05614356393957594,
      -0.07428797558966634,
      0.11809957344427181,
      0.1252931517948469,
      0.0928340195603575,
      0.6203052878888046
    ],
    [
      0.006534825556985322,
      -0.5442441213596305,
      0.005839722277933627,
      0.12967395985248945,
      0.11834088407337151,
      0.170212936621361,
      -0.008427970033589657,
      0.23274443010753923
    ],
    [
      0.010027500082869716,
      0.4523431833480625,
      -0.04186902549097992,
      0.16798522830986656,
      0.042976190815845694,
      -0.020360021423376805,
      -0.12285753352291583,
      0.008033837669436838
    ],
    [
      -0.027866113836744352,
      0.29760876667557457,
      0.06440025985369703,
      0.309666329099004,
      0.06420490150024923,
      -0.10713584192194274,
      0.0659429632760817,
      -0.0326741233997098
    ],
    [
      0.006151257880807029,
      0.3584966987378229,
